Domain,Status,Attractiveness,Demand,Length,Sectors,Created,Expires,Registrar
one.webcam,available,132,44%,3,"Business,General,Media,Technology",,,
brief.webcam,available,124,19%,5,"Business,Education,General,Law",,,
complete.webcam,available,120,21%,8,"Manufacturing,Retail,Technology",,,
second.webcam,available,120,23%,6,"General,Mathematics",,,
wizard.webcam,available,118,42%,6,"Entertainment,Media,Technology",,,
equal.webcam,available,116,19%,5,"Education,General,Law",,,
tenth.webcam,available,116,7%,5,Mathematics,,,
flat.webcam,available,116,24%,4,"Construction,Real Estate",,,
tonic.webcam,available,114,22%,5,"Health and Fitness,Medicine,Science",,,
hotshot.webcam,available,112,14%,7,"Business,Entertainment,Sports",,,
above.webcam,available,112,22%,5,Business,,,
acute.webcam,available,112,9%,5,"Mathematics,Medicine,Science",,,
abstract.webcam,available,108,29%,8,"Arts,Humanities,Science",,,
abiding.webcam,available,106,5%,7,"General,Religion",,,
active.webcam,available,104,27%,6,"Health and Fitness,Sports,Travel",,,
expert.webcam,available,104,26%,6,"Business,Education,Technology",,,
teen.webcam,available,104,14%,4,"Education,Entertainment,Healthcare",,,
captive.webcam,available,102,14%,7,"Entertainment,Hospitality,Technology",,,
eight.webcam,available,102,23%,5,"General,Mathematics",,,
extra.webcam,available,102,26%,5,"Fashion,Retail,Technology",,,
absent.webcam,available,102,8%,6,"Business,Education,Technology",,,
ninth.webcam,available,100,9%,5,Mathematics,,,
remove.webcam,available,100,13%,6,"Construction,Manufacturing,Technology",,,
crack.webcam,available,100,20%,5,Sports,,,
third.webcam,available,100,16%,5,Mathematics,,,
abrupt.webcam,available,100,3%,6,"Medicine,Science",,,
whiz.webcam,available,100,12%,4,"Business,Education,Technology",,,
sixth.webcam,available,100,8%,5,Mathematics,,,
adjunct.webcam,available,100,5%,7,Education,,,
eighth.webcam,available,100,6%,6,Mathematics,,,
genius.webcam,available,98,46%,6,"Arts,Education,Technology",,,
whizz.webcam,available,98,11%,5,"Business,Education,Technology",,,
forgiving.webcam,available,96,3%,9,"Healthcare,Religion",,,
actual.webcam,available,96,22%,6,"Real Estate,Retail,Technology",,,
doable.webcam,available,96,9%,6,"Business,Education,Technology",,,
alamode.webcam,available,96,12%,9,Fashion,,,
academic.webcam,available,96,20%,8,"Education,Humanities,Science",,,
virtuoso.webcam,available,94,16%,8,"Arts,Entertainment",,,
adequate.webcam,available,94,9%,8,"Education,Healthcare,Technology",,,
around.webcam,available,94,22%,6,"Business,General,Media,Technology",,,
about.webcam,available,94,28%,5,"Business,General,Media,Technology",,,
abject.webcam,available,94,7%,6,Humanities,,,
adept.webcam,available,92,24%,5,"Education,Health and Fitness,Sports",,,
neutral.webcam,available,92,20%,7,"Business,Media,Politics",,,
nought.webcam,available,92,4%,6,Mathematics,,,
abroad.webcam,available,92,12%,6,"Hospitality,Travel",,,
derelict.webcam,available,92,7%,8,"Construction,Real Estate",,,
twentieth.webcam,available,92,3%,9,Mathematics,,,
exemplary.webcam,available,92,5%,9,"Business,Education,Healthcare",,,
adjective.webcam,available,92,5%,9,Education,,,
adoring.webcam,available,90,2%,7,"Entertainment,Fashion,Retail",,,
abortive.webcam,available,90,1%,8,"Medicine,Science",,,
riveting.webcam,available,90,6%,8,"Entertainment,Media,Technology",,,
leash.webcam,available,90,7%,5,"General,Health and Fitness,Retail",,,
clear.webcam,available,90,47%,5,"Manufacturing,Retail,Technology",,,
additional.webcam,available,90,8%,10,"Fashion,Retail,Technology",,,
addictive.webcam,available,90,9%,9,Healthcare,,,
gripping.webcam,available,90,3%,8,"Entertainment,Media,Technology",,,
endearing.webcam,available,90,1%,9,"Entertainment,Fashion,Retail",,,
three.webcam,available,88,24%,5,Mathematics,,,
ten.webcam,available,88,28%,3,"General,Mathematics",,,
sixteen.webcam,available,88,11%,7,Mathematics,,,
actionable.webcam,available,88,13%,10,"Business,Law",,,
wide.webcam,available,88,18%,4,"Business,Media,Technology",,,
adlib.webcam,available,88,7%,6,Entertainment,,,
twelve.webcam,available,88,18%,6,"General,Mathematics",,,
ace.webcam,available,88,34%,3,Sports,,,
eleven.webcam,available,88,33%,6,Mathematics,,,
hundred.webcam,available,88,14%,7,Mathematics,,,
fifteen.webcam,available,88,13%,7,Mathematics,,,
activist.webcam,available,88,12%,8,"Humanities,Politics",,,
proficient.webcam,available,88,8%,10,"Education,Health and Fitness,Sports",,,
attendant.webcam,available,86,5%,9,"Healthcare,Hospitality,Transportation",,,
extempore.webcam,available,86,3%,9,Entertainment,,,
adolescent.webcam,available,86,3%,10,"Education,Entertainment,Healthcare",,,
intent.webcam,available,86,25%,6,"Business,Education,Technology",,,
xix.webcam,available,86,11%,3,Mathematics,,,
recondite.webcam,available,86,4%,9,"Arts,Humanities,Science",,,
xiv.webcam,available,86,12%,3,Mathematics,,,
engrossing.webcam,available,86,0%,10,"Entertainment,Media,Technology",,,
aboriginal.webcam,available,86,10%,10,Humanities,,,
cipher.webcam,available,86,29%,6,Mathematics,,,
star.webcam,available,86,40%,4,"Entertainment,Media,Sports",,,
thirteen.webcam,available,84,10%,8,Mathematics,,,
acting.webcam,available,84,12%,6,Entertainment,,,
grand.webcam,available,84,25%,5,"Finance,General",,,
thousand.webcam,available,84,8%,8,Mathematics,,,
fourteen.webcam,available,84,8%,8,Mathematics,,,
adjustable.webcam,available,84,3%,10,"Manufacturing,Retail,Technology",,,
accessory.webcam,available,84,8%,9,"Fashion,Retail,Technology",,,
seventeen.webcam,available,84,7%,9,Mathematics,,,
twentytwo.webcam,available,84,11%,10,Mathematics,,,
nineteen.webcam,available,84,8%,8,Mathematics,,,
sharp.webcam,available,84,34%,5,"Arts,Fashion",,,
deviate.webcam,available,84,12%,7,"Medicine,Science",,,
twentyone.webcam,available,84,13%,10,Mathematics,,,
abroach.webcam,available,82,1%,7,Food and Beverage,,,
abenaki.webcam,available,82,2%,7,Geography,,,
abdominal.webcam,available,82,1%,9,"Health and Fitness,Medicine",,,
good.webcam,available,82,47%,4,"Food and Beverage,General,Health and Fitness,Retail",,,
cleansing.webcam,available,82,3%,9,Health and Fitness,,,
altered.webcam,available,82,9%,7,"Medicine,Science",,,
absorbent.webcam,available,82,3%,9,"Healthcare,Manufacturing,Retail",,,
dozen.webcam,available,82,10%,5,Mathematics,,,
fivesome.webcam,available,82,1%,8,Sports,,,
impromptu.webcam,available,82,16%,9,Entertainment,,,
abkhaz.webcam,available,82,1%,6,Geography,,,
decade.webcam,available,82,10%,6,Mathematics,,,
enduring.webcam,available,82,9%,8,"Health and Fitness,Religion",,,
able.webcam,available,80,29%,4,"Business,Education,General,Technology",,,
absolute.webcam,available,80,25%,8,"Engineering,Mathematics,Science",,,
seventh.webcam,available,80,10%,7,Mathematics,,,
worshipful.webcam,available,80,1%,10,"Education,Healthcare,Religion",,,
two.webcam,available,80,24%,3,Mathematics,,,
dorsal.webcam,available,80,6%,6,"Medicine,Science",,,
capable.webcam,available,80,12%,7,"Business,Education,Technology",,,
superstar.webcam,available,80,18%,9,Entertainment,,,
yard.webcam,available,80,26%,4,"Construction,General",,,
abundant.webcam,available,80,19%,8,"Agriculture,Manufacturing,Retail",,,
adoptable.webcam,available,80,3%,9,"Education,Healthcare",,,
wiz.webcam,available,80,30%,3,"Business,Education,Technology",,,
twenty.webcam,available,80,12%,6,Mathematics,,,
nine.webcam,available,80,24%,4,"General,Mathematics",,,
absorbable.webcam,available,80,0%,10,"Healthcare,Pharmaceuticals,Science",,,
absurd.webcam,available,80,16%,6,"Arts,Entertainment,Media",,,
forty.webcam,available,80,9%,5,Mathematics,,,
sequent.webcam,available,80,7%,7,"Healthcare,Insurance,Transportation",,,
first.webcam,available,80,36%,5,"General,Mathematics",,,
some.webcam,available,80,32%,4,"Business,Media,Retail",,,
trio.webcam,available,80,21%,4,Entertainment,,,
accidental.webcam,available,78,11%,10,"Healthcare,Insurance,Transportation",,,
acceptant.webcam,available,78,1%,9,"Education,Healthcare",,,
adorable.webcam,available,78,8%,8,"Entertainment,Fashion,Retail",,,
accessible.webcam,available,78,21%,10,"Healthcare,Retail,Technology",,,
abounding.webcam,available,78,2%,9,Agriculture,,,
sixtynine.webcam,available,78,8%,10,Mathematics,,,
accepted.webcam,available,78,6%,8,"Business,Education,Technology",,,
recognized.webcam,available,78,3%,10,"Business,Education,Technology",,,
dormant.webcam,available,78,4%,7,"Medicine,Science",,,
adjacent.webcam,available,78,9%,8,"Construction,Real Estate,Retail",,,
athletic.webcam,available,78,15%,8,"Health and Fitness,Sports",,,
abkhasian.webcam,available,78,1%,9,Geography,,,
honestly.webcam,available,78,9%,8,"Business,Law",,,
accurate.webcam,available,78,16%,8,"Engineering,Mathematics,Science",,,
twentysix.webcam,available,78,8%,10,Mathematics,,,
low.webcam,available,78,20%,3,"Business,Finance",,,
recognised.webcam,available,78,3%,10,"Business,Education,Technology",,,
abkhazian.webcam,available,78,1%,9,Geography,,,
acceptable.webcam,available,78,5%,10,"Business,Hospitality,Retail",,,
adrenal.webcam,available,78,4%,7,"Education,Healthcare,Science",,,
absorptive.webcam,available,78,1%,10,"Healthcare,Manufacturing,Retail",,,
adaptable.webcam,available,76,9%,9,"Business,Education,Technology",,,
fifteenth.webcam,available,76,2%,9,Mathematics,,,
ventral.webcam,available,76,3%,7,Science,,,
energizing.webcam,available,76,3%,10,"Food and Beverage,Health and Fitness,Travel",,,
auxiliary.webcam,available,76,7%,9,"Healthcare,Manufacturing,Technology",,,
hundredth.webcam,available,76,1%,9,Mathematics,,,
adaptive.webcam,available,76,28%,8,"Business,Education,Technology",,,
ague.webcam,available,76,2%,4,"Geography,Medicine,Science",,,
abrasive.webcam,available,76,6%,8,"Construction,Manufacturing",,,
adhesive.webcam,available,76,7%,8,"Construction,Manufacturing,Technology",,,
threed.webcam,available,76,7%,7,Technology,,,
improvise.webcam,available,76,4%,9,Entertainment,,,
nineteenth.webcam,available,76,3%,10,Mathematics,,,
acoustic.webcam,available,76,14%,8,Science,,,
ancillary.webcam,available,76,6%,9,"Healthcare,Manufacturing,Technology",,,
resultant.webcam,available,76,2%,9,"Healthcare,Insurance,Transportation",,,
thirteenth.webcam,available,76,4%,10,Mathematics,,,
fourteenth.webcam,available,76,1%,10,Mathematics,,,
incidental.webcam,available,76,4%,10,"Healthcare,Insurance,Transportation",,,
firstrate.webcam,available,76,6%,10,Business,,,
addable.webcam,available,76,2%,7,"Engineering,Mathematics,Science",,,
diamond.webcam,available,76,32%,7,Fashion,,,
adherent.webcam,available,76,4%,8,"Politics,Religion",,,
obscene.webcam,available,76,5%,7,"Entertainment,Media",,,
thousandth.webcam,available,76,1%,10,Mathematics,,,
adipose.webcam,available,76,2%,7,"Healthcare,Science",,,
playing.webcam,available,74,12%,7,Entertainment,,,
manageable.webcam,available,74,4%,10,"Business,Education,Technology",,,
abnormal.webcam,available,74,16%,8,"Medicine,Science",,,
activated.webcam,available,74,9%,9,"Healthcare,Manufacturing,Technology",,,
supra.webcam,available,74,25%,5,"Medicine,Science",,,
adenoid.webcam,available,74,1%,7,"Health and Fitness,Medicine,Science",,,
admirable.webcam,available,74,5%,9,"Business,Education,Healthcare",,,
adamant.webcam,available,74,14%,7,Religion,,,
sensation.webcam,available,74,7%,9,"Entertainment,Media,Sports",,,
mavin.webcam,available,74,7%,5,"Entertainment,Fashion,Technology",,,
acuate.webcam,available,74,2%,6,"Engineering,Medicine,Science",,,
adapted.webcam,available,74,6%,7,"Healthcare,Manufacturing,Technology",,,
broad.webcam,available,74,13%,5,"Entertainment,General,Media",,,
cleared.webcam,available,74,7%,7,"Healthcare,Law,Transportation",,,
aberrant.webcam,available,74,6%,8,"Medicine,Science",,,
realizable.webcam,available,74,1%,10,"Business,Education,Technology",,,
accepting.webcam,available,74,3%,9,"Education,Healthcare",,,
single.webcam,available,74,19%,6,Sports,,,
achievable.webcam,available,74,4%,10,"Business,Education,Technology",,,
adrenergic.webcam,available,74,1%,10,"Education,Healthcare,Science",,,
skilful.webcam,available,74,3%,7,"Education,Health and Fitness,Sports",,,
accustomed.webcam,available,72,1%,10,"Business,Education,Humanities",,,
existent.webcam,available,72,3%,8,"Mathematics,Science",,,
accusative.webcam,available,72,0%,10,"Humanities,Law",,,
improvize.webcam,available,72,1%,9,Entertainment,,,
trey.webcam,available,72,14%,4,Sports,,,
eightieth.webcam,available,72,1%,9,Mathematics,,,
absorbed.webcam,available,72,2%,8,"Entertainment,Media,Technology",,,
seventieth.webcam,available,72,1%,10,Mathematics,,,
deep.webcam,available,72,41%,4,"Engineering,Mathematics,Science",,,
champion.webcam,available,72,28%,8,"Entertainment,Health and Fitness,Sports",,,
abloom.webcam,available,72,5%,6,Agriculture,,,
adjectival.webcam,available,72,1%,10,Education,,,
sixtieth.webcam,available,72,1%,8,Mathematics,,,
adonic.webcam,available,72,2%,6,"Arts,Education,Entertainment",,,
aching.webcam,available,72,4%,6,Healthcare,,,
abreast.webcam,available,72,2%,7,"Business,Technology",,,
liv.webcam,available,72,27%,3,Mathematics,,,
ternary.webcam,available,72,7%,7,Mathematics,,,
adjunctive.webcam,available,72,1%,10,"Healthcare,Manufacturing,Technology",,,
absolutist.webcam,available,72,1%,10,"Humanities,Law,Politics",,,
engrossed.webcam,available,72,1%,9,"Entertainment,Media,Technology",,,
addicted.webcam,available,72,9%,8,Healthcare,,,
trinity.webcam,available,72,18%,7,Religion,,,
lovely.webcam,available,72,26%,6,"Entertainment,Fashion,Retail",,,
adiabatic.webcam,available,72,3%,9,"Engineering,Science",,,
ablaze.webcam,available,72,6%,6,Entertainment,,,
adaptative.webcam,available,72,1%,10,"Business,Education,Technology",,,
ninetieth.webcam,available,72,1%,9,Mathematics,,,
unity.webcam,available,70,40%,5,Mathematics,,,
practiced.webcam,available,70,3%,9,"Education,Health and Fitness,Sports",,,
abradant.webcam,available,70,1%,8,"Construction,Manufacturing",,,
offhand.webcam,available,70,2%,7,Entertainment,,,
adjusted.webcam,available,70,5%,8,"Manufacturing,Retail,Technology",,,
adamantine.webcam,available,70,4%,10,Religion,,,
skillful.webcam,available,70,9%,8,"Education,Health and Fitness,Sports",,,
admired.webcam,available,70,5%,7,"Business,Education,Healthcare",,,
miserable.webcam,available,70,4%,9,Humanities,,,
lowdown.webcam,available,70,6%,8,"Entertainment,Media",,,
adored.webcam,available,70,6%,6,"Entertainment,Fashion,Retail",,,
consequent.webcam,available,70,3%,10,"Business,Education,General,Technology",,,
abulic.webcam,available,70,1%,6,Medicine,,,
acuminate.webcam,available,70,1%,9,"Engineering,Medicine,Science",,,
gymnastic.webcam,available,70,3%,9,"Entertainment,Sports",,,
recumbent.webcam,available,70,2%,9,"Healthcare,Medicine,Science",,,
accumbent.webcam,available,70,1%,9,"Healthcare,Medicine,Science",,,
absorbing.webcam,available,70,3%,9,"Entertainment,Media,Technology",,,
tiptop.webcam,available,70,24%,6,Fashion,,,
stillborn.webcam,available,70,2%,9,"Medicine,Science",,,
disciple.webcam,available,68,14%,8,"Education,Religion",,,
threesome.webcam,available,68,5%,9,Entertainment,,,
ablative.webcam,available,68,3%,8,Science,,,
scurvy.webcam,available,68,3%,6,Humanities,,,
septenary.webcam,available,68,1%,9,Mathematics,,,
fortieth.webcam,available,68,0%,8,Mathematics,,,
vindicated.webcam,available,68,2%,10,"Humanities,Law,Politics",,,
stygian.webcam,available,68,5%,7,Humanities,,,
ane.webcam,available,68,12%,3,Mathematics,,,
abducent.webcam,available,68,0%,8,Medicine,,,
aculeate.webcam,available,68,1%,8,"Engineering,Medicine,Science",,,
foursome.webcam,available,68,4%,8,Sports,,,
achaian.webcam,available,68,2%,7,Humanities,,,
accredited.webcam,available,68,9%,10,"Business,Education,Healthcare",,,
octonary.webcam,available,68,1%,8,Mathematics,,,
decorated.webcam,available,68,3%,9,"Entertainment,Fashion,Retail",,,
abkhas.webcam,available,68,0%,6,Geography,,,
aroused.webcam,available,68,3%,7,"Entertainment,Health and Fitness",,,
thirtieth.webcam,available,68,1%,9,Mathematics,,,
licensed.webcam,available,68,5%,8,"Business,Healthcare,Insurance",,,
achaean.webcam,available,68,2%,7,Humanities,,,
licenced.webcam,available,68,2%,8,"Business,Healthcare,Insurance",,,
abnaki.webcam,available,68,1%,6,Geography,,,
activating.webcam,available,68,3%,10,"Healthcare,Manufacturing,Technology",,,
ennead.webcam,available,68,5%,6,Mathematics,,,
acerate.webcam,available,68,1%,7,Science,,,
fiftieth.webcam,available,68,0%,8,Mathematics,,,
aberdonian.webcam,available,68,1%,10,Geography,,,
overseas.webcam,available,68,12%,8,"Hospitality,Travel",,,
sevener.webcam,available,68,1%,7,Mathematics,,,
abstinent.webcam,available,66,1%,9,"Health and Fitness,Religion",,,
accessary.webcam,available,66,1%,9,"Business,Law,Technology",,,
xxv.webcam,available,66,6%,3,Mathematics,,,
xviii.webcam,available,66,5%,5,Mathematics,,,
performing.webcam,available,66,6%,10,Entertainment,,,
buzzing.webcam,available,66,7%,7,"Entertainment,Media,Technology",,,
fifty.webcam,available,66,12%,5,Mathematics,,,
teenager.webcam,available,66,4%,8,"Education,Entertainment,Healthcare",,,
deuce.webcam,available,66,9%,5,Sports,,,
acervate.webcam,available,66,1%,8,Science,,,
adorned.webcam,available,66,5%,7,"Entertainment,Fashion,Retail",,,
six.webcam,available,66,26%,3,Mathematics,,,
latest.webcam,available,66,18%,6,Technology,,,
sextet.webcam,available,66,1%,6,Entertainment,,,
xxi.webcam,available,66,10%,3,Mathematics,,,
clv.webcam,available,66,10%,3,Mathematics,,,
century.webcam,available,66,17%,7,Education,,,
xiii.webcam,available,66,9%,4,Mathematics,,,
acrobatic.webcam,available,66,4%,9,"Entertainment,Sports",,,
xvii.webcam,available,66,5%,4,Mathematics,,,
eighty.webcam,available,66,6%,6,Mathematics,,,
onec.webcam,available,66,6%,5,Mathematics,,,
xii.webcam,available,66,10%,3,Mathematics,,,
modish.webcam,available,66,5%,6,Fashion,,,
tenner.webcam,available,66,5%,6,Finance,,,
xvi.webcam,available,66,5%,3,Mathematics,,,
four.webcam,available,66,27%,4,Mathematics,,,
adopted.webcam,available,66,4%,7,"Education,Healthcare",,,
thirty.webcam,available,66,8%,6,Mathematics,,,
five.webcam,available,66,26%,4,Mathematics,,,
exonerated.webcam,available,66,2%,10,"Humanities,Law,Politics",,,
xxvi.webcam,available,66,3%,4,Mathematics,,,
according.webcam,available,66,3%,9,"Business,Education,Technology",,,
acappella.webcam,available,66,6%,10,Entertainment,,,
xxii.webcam,available,66,6%,4,Mathematics,,,
maven.webcam,available,66,30%,5,"Entertainment,Fashion,Technology",,,
ninety.webcam,available,66,11%,6,Mathematics,,,
accordant.webcam,available,64,3%,9,"Arts,Entertainment",,,
scatty.webcam,available,64,1%,6,"Arts,Entertainment,Media",,,
aflame.webcam,available,64,3%,6,Entertainment,,,
absolved.webcam,available,64,1%,8,"Humanities,Law,Religion",,,
deviant.webcam,available,64,12%,7,"Medicine,Science",,,
rising.webcam,available,64,18%,6,"Construction,Manufacturing,Real Estate",,,
ccc.webcam,available,64,38%,3,Mathematics,,,
adagio.webcam,available,64,14%,6,Entertainment,,,
nondrinker.webcam,available,64,1%,10,"Health and Fitness,Religion",,,
astringent.webcam,available,64,1%,10,"Healthcare,Pharmaceuticals",,,
acentric.webcam,available,64,2%,8,Science,,,
adoptive.webcam,available,62,1%,8,"Education,Healthcare",,,
troika.webcam,available,62,8%,6,Politics,,,
admissible.webcam,available,62,1%,10,"Education,Healthcare,Law",,,
pungent.webcam,available,62,1%,7,Food and Beverage,,,
eleventh.webcam,available,62,5%,8,Mathematics,,,
chiliad.webcam,available,62,2%,7,Mathematics,,,
fortyfour.webcam,available,62,6%,10,Mathematics,,,
aufait.webcam,available,62,3%,7,"Fashion,Media",,,
activation.webcam,available,62,16%,10,"Healthcare,Manufacturing,Technology",,,
cumulative.webcam,available,62,2%,10,"Banking,Finance,Insurance",,,
longdozen.webcam,available,62,2%,10,Mathematics,,,
exculpated.webcam,available,62,1%,10,"Humanities,Law,Politics",,,
roughly.webcam,available,62,3%,7,"Business,Media,Technology",,,
abo.webcam,available,62,15%,3,Science,,,
orso.webcam,available,62,9%,5,"Business,Media,Technology",,,
activistic.webcam,available,62,1%,10,"Humanities,Politics",,,
nail.webcam,available,62,16%,4,"Construction,Fashion,General,Retail",,,
twodozen.webcam,available,62,1%,9,Mathematics,,,
sixteenth.webcam,available,62,1%,9,Mathematics,,,
adjuvant.webcam,available,62,5%,8,"Healthcare,Manufacturing,Technology",,,
quartet.webcam,available,62,7%,7,"Arts,Entertainment",,,
aborigine.webcam,available,62,1%,9,Humanities,,,
wrapped.webcam,available,62,13%,7,"Fashion,Hospitality,Retail",,,
accrued.webcam,available,62,2%,7,"Banking,Finance,Insurance",,,
accusing.webcam,available,62,1%,8,Law,,,
acidic.webcam,available,62,5%,6,"Food and Beverage,Science",,,
ensuant.webcam,available,62,1%,7,"Healthcare,Insurance,Transportation",,,
eighteenth.webcam,available,62,1%,10,Mathematics,,,
playacting.webcam,available,62,1%,10,Entertainment,,,
cxxv.webcam,available,60,1%,4,Mathematics,,,
eightysix.webcam,available,60,7%,10,Mathematics,,,
sixty.webcam,available,60,13%,5,Mathematics,,,
adnate.webcam,available,60,1%,6,"Agriculture,Manufacturing,Retail",,,
xcl.webcam,available,60,5%,3,Mathematics,,,
cxl.webcam,available,60,7%,3,Mathematics,,,
adnexal.webcam,available,60,1%,7,"Agriculture,Manufacturing,Retail",,,
cautionary.webcam,available,60,1%,10,"Business,Education,Healthcare",,,
annexal.webcam,available,60,1%,7,"Agriculture,Manufacturing,Retail",,,
abstemious.webcam,available,60,0%,10,"Food and Beverage,Health and Fitness,Hospitality",,,
abstainer.webcam,available,60,0%,9,"Health and Fitness,Religion",,,
clxxv.webcam,available,60,1%,5,Mathematics,,,
cxv.webcam,available,60,4%,3,Mathematics,,,
idolised.webcam,available,60,1%,8,"Entertainment,Fashion,Retail",,,
clxv.webcam,available,60,1%,4,Mathematics,,,
thou.webcam,available,60,7%,4,Mathematics,,,
clxx.webcam,available,60,3%,4,Mathematics,,,
clx.webcam,available,60,10%,3,Mathematics,,,
abashed.webcam,available,60,1%,7,Humanities,,,
tertiary.webcam,available,60,4%,8,Education,,,
cxxx.webcam,available,60,4%,4,Mathematics,,,
cxlv.webcam,available,60,2%,4,Mathematics,,,
cxxxv.webcam,available,60,2%,5,Mathematics,,,
idolized.webcam,available,60,3%,8,"Entertainment,Fashion,Retail",,,
acceptive.webcam,available,60,1%,9,"Education,Healthcare",,,
paunchy.webcam,available,60,0%,7,"Health and Fitness,Medicine",,,
cxx.webcam,available,60,10%,3,Mathematics,,,
octet.webcam,available,60,12%,5,Arts,,,
clxxx.webcam,available,60,1%,5,Mathematics,,,
aboveboard.webcam,available,60,5%,10,"Business,Law",,,
tercet.webcam,available,59,2%,6,"Arts,Entertainment,Media",,,
abandoned.webcam,available,58,10%,9,"Construction,Real Estate",,,
acetic.webcam,available,58,1%,6,"Food and Beverage,Science",,,
centesimal.webcam,available,58,1%,10,Mathematics,,,
twelfth.webcam,available,58,2%,7,Mathematics,,,
offhanded.webcam,available,58,1%,9,Entertainment,,,
abuzz.webcam,available,58,5%,5,"Entertainment,Media,Technology",,,
sextuplet.webcam,available,58,1%,9,Healthcare,,,
lxxx.webcam,available,58,2%,4,Mathematics,,,
fifth.webcam,available,58,12%,5,Mathematics,,,
accented.webcam,available,58,3%,8,"Arts,Entertainment",,,
accretive.webcam,available,58,6%,9,"Banking,Finance,Insurance",,,
enwrapped.webcam,available,58,0%,9,"Entertainment,Fashion,Media",,,
fourth.webcam,available,58,13%,6,Mathematics,,,
alacarte.webcam,available,58,11%,10,Food and Beverage,,,
adjustive.webcam,available,58,1%,9,"Manufacturing,Retail,Technology",,,
linear.webcam,available,58,22%,6,"Engineering,Mathematics,Science",,,
aucourant.webcam,available,58,3%,10,"Fashion,Media",,,
adient.webcam,available,58,4%,6,"Medicine,Science",,,
adhoc.webcam,available,58,24%,6,"Business,Engineering,Technology",,,
closeto.webcam,available,58,3%,8,"Business,Media,Technology",,,
ache.webcam,available,58,7%,4,Healthcare,,,
quintet.webcam,available,58,8%,7,"Arts,Entertainment",,,
justabout.webcam,available,58,3%,10,"Business,Media,Technology",,,
seven.webcam,available,58,36%,5,Mathematics,,,
accoutred.webcam,available,58,1%,9,"Fashion,Manufacturing,Retail",,,
tetrad.webcam,available,58,5%,6,Mathematics,,,
actuarial.webcam,available,58,8%,9,"Finance,Insurance,Mathematics",,,
hexad.webcam,available,58,4%,5,Mathematics,,,
lxxviii.webcam,available,58,1%,7,Mathematics,,,
niner.webcam,available,58,5%,5,Mathematics,,,
cypher.webcam,available,58,29%,6,Mathematics,,,
acyclic.webcam,available,58,4%,7,"Engineering,Mathematics,Science",,,
heptad.webcam,available,58,1%,6,Mathematics,,,
sixtyone.webcam,available,58,3%,9,Mathematics,,,
super.webcam,available,58,47%,5,Business,,,
addressed.webcam,available,58,3%,9,"Business,Technology,Telecommunications",,,
abused.webcam,available,58,5%,6,"Healthcare,Law",,,
seventy.webcam,available,58,7%,7,Mathematics,,,
addible.webcam,available,58,2%,7,"Engineering,Mathematics,Science",,,
fourscore.webcam,available,58,4%,9,Mathematics,,,
sixer.webcam,available,58,5%,5,Sports,,,
pentad.webcam,available,58,2%,6,Mathematics,,,
eighter.webcam,available,58,2%,7,Mathematics,,,
abridged.webcam,available,58,4%,8,Media,,,
octad.webcam,available,58,5%,5,Mathematics,,,
xlv.webcam,available,56,6%,3,Mathematics,,,
xlii.webcam,available,56,5%,4,Mathematics,,,
fortysix.webcam,available,56,3%,9,Mathematics,,,
fiftynine.webcam,available,56,4%,10,Mathematics,,,
fiftyfour.webcam,available,56,3%,10,Mathematics,,,
xxxi.webcam,available,56,9%,4,Mathematics,,,
lii.webcam,available,56,7%,3,Mathematics,,,
xxiii.webcam,available,56,5%,5,Mathematics,,,
potbellied.webcam,available,56,0%,10,"Health and Fitness,Medicine",,,
xxxvii.webcam,available,56,2%,6,Mathematics,,,
xlviii.webcam,available,56,1%,6,Mathematics,,,
xxxvi.webcam,available,56,1%,5,Mathematics,,,
appressed.webcam,available,56,0%,9,"Agriculture,Manufacturing,Retail",,,
xxviii.webcam,available,56,1%,6,Mathematics,,,
triad.webcam,available,56,15%,5,Arts,,,
thirtysix.webcam,available,56,5%,10,Mathematics,,,
admittable.webcam,available,56,1%,10,"Education,Healthcare,Hospitality",,,
lviii.webcam,available,56,1%,5,Mathematics,,,
lvi.webcam,available,56,8%,3,Mathematics,,,
xxvii.webcam,available,56,3%,5,Mathematics,,,
admittible.webcam,available,56,1%,10,"Education,Healthcare,Hospitality",,,
xxiv.webcam,available,56,5%,4,Mathematics,,,
fortytwo.webcam,available,56,17%,9,Mathematics,,,
xxxiv.webcam,available,56,1%,5,Mathematics,,,
xxxii.webcam,available,56,1%,5,Mathematics,,,
maledict.webcam,available,56,1%,8,Religion,,,
admissive.webcam,available,56,1%,9,"Education,Healthcare,Hospitality",,,
lvii.webcam,available,56,1%,4,Mathematics,,,
xlvii.webcam,available,56,2%,5,Mathematics,,,
halfdozen.webcam,available,56,1%,10,Mathematics,,,
fortynine.webcam,available,56,3%,10,Mathematics,,,
fiftysix.webcam,available,56,4%,9,Mathematics,,,
ilx.webcam,available,56,5%,3,Mathematics,,,
xxxviii.webcam,available,56,1%,7,Mathematics,,,
xli.webcam,available,56,5%,3,Mathematics,,,
xxix.webcam,available,56,4%,4,Mathematics,,,
xliii.webcam,available,56,1%,5,Mathematics,,,
abdominous.webcam,available,56,0%,10,"Health and Fitness,Medicine",,,
fiftytwo.webcam,available,56,6%,9,Mathematics,,,
abeyant.webcam,available,56,1%,7,"Business,Law",,,
liii.webcam,available,56,4%,4,Mathematics,,,
xxxv.webcam,available,56,4%,4,Mathematics,,,
addled.webcam,available,56,2%,6,Entertainment,,,
aone.webcam,available,56,15%,5,Food and Beverage,,,
thirtytwo.webcam,available,56,5%,10,Mathematics,,,
xxxiii.webcam,available,56,2%,6,Mathematics,,,
fiftyfive.webcam,available,56,7%,10,Mathematics,,,
xliv.webcam,available,56,2%,4,Mathematics,,,
fiftyone.webcam,available,56,7%,9,Mathematics,,,
fortyone.webcam,available,56,4%,9,Mathematics,,,
terzetto.webcam,available,56,3%,8,Arts,,,
accoutered.webcam,available,56,0%,10,"Fashion,Manufacturing,Retail",,,
thirtyone.webcam,available,56,5%,10,Mathematics,,,
xlvi.webcam,available,56,3%,4,Mathematics,,,
twoscore.webcam,available,54,2%,8,Mathematics,,,
ternion.webcam,available,54,3%,7,Mathematics,,,
achy.webcam,available,54,3%,4,Healthcare,,,
deuceace.webcam,available,54,2%,9,Sports,,,
actuated.webcam,available,54,2%,8,"Automotive,Manufacturing,Technology",,,
accentual.webcam,available,54,3%,9,"Arts,Entertainment",,,
quintuplet.webcam,available,54,1%,10,"Healthcare,Medicine,Science",,,
aboral.webcam,available,54,2%,6,Science,,,
quatern.webcam,available,54,2%,7,Mathematics,,,
abatable.webcam,available,54,1%,8,Law,,,
admonitory.webcam,available,54,0%,10,"Business,Education,Healthcare",,,
iii.webcam,available,54,24%,3,Mathematics,,,
abasic.webcam,available,54,1%,6,Science,,,
abatic.webcam,available,54,1%,6,Science,,,
achromatic.webcam,available,54,4%,10,Science,,,
adducting.webcam,available,54,1%,9,"Engineering,Mathematics,Science",,,
fortyfive.webcam,available,54,4%,10,Mathematics,,,
adjuratory.webcam,available,54,0%,10,"Law,Politics,Religion",,,
vii.webcam,available,54,13%,3,Mathematics,,,
unnatural.webcam,available,54,4%,9,"Medicine,Science",,,
threescore.webcam,available,54,1%,10,Mathematics,,,
adpressed.webcam,available,54,0%,9,"Agriculture,Manufacturing,Retail",,,
abhorrent.webcam,available,54,1%,9,Humanities,,,
adductive.webcam,available,54,0%,9,"Engineering,Mathematics,Science",,,
viii.webcam,available,54,6%,4,Mathematics,,,
topnotch.webcam,available,54,18%,8,Business,,,
adducent.webcam,available,54,1%,8,"Engineering,Mathematics,Science",,,
sise.webcam,available,54,5%,4,Mathematics,,,
deserted.webcam,available,54,3%,8,"Hospitality,Real Estate",,,
monitory.webcam,available,54,3%,8,"Business,Education,Healthcare",,,
scratchy.webcam,available,54,3%,8,Fashion,,,
accursed.webcam,available,54,3%,8,"Entertainment,Media,Religion",,,
quaternity.webcam,available,54,4%,10,Mathematics,,,
abaxial.webcam,available,54,1%,7,Science,,,
quaternion.webcam,available,54,6%,10,Mathematics,,,
abducens.webcam,available,54,1%,8,Medicine,,,
quadruplet.webcam,available,54,1%,10,"Healthcare,Medicine,Science",,,
abient.webcam,available,54,1%,6,Science,,,
acoustical.webcam,available,54,4%,10,Science,,,
adaxial.webcam,available,54,2%,7,Science,,,
fin.webcam,available,54,30%,3,Finance,,,
xxx.webcam,available,53,30%,3,"Arts,Entertainment,Media",,,
septet.webcam,available,53,1%,6,General,,,
sestet.webcam,available,53,1%,6,Arts,,,
detestable.webcam,available,52,1%,10,Humanities,,,
ninetytwo.webcam,available,52,4%,10,Mathematics,,,
lxi.webcam,available,52,5%,3,Mathematics,,,
xci.webcam,available,52,4%,3,Mathematics,,,
abstruse.webcam,available,52,5%,8,"Humanities,Mathematics,Science",,,
lxxxii.webcam,available,52,1%,6,Mathematics,,,
lxxxiii.webcam,available,52,1%,7,Mathematics,,,
lxvii.webcam,available,52,1%,5,Mathematics,,,
xcvi.webcam,available,52,2%,4,Mathematics,,,
sixtytwo.webcam,available,52,3%,9,Mathematics,,,
xcv.webcam,available,52,7%,3,Mathematics,,,
ninetysix.webcam,available,52,4%,10,Mathematics,,,
tierce.webcam,available,52,3%,6,General,,,
lxiii.webcam,available,52,2%,5,Mathematics,,,
lxxiii.webcam,available,52,1%,6,Mathematics,,,
xciii.webcam,available,52,1%,5,Mathematics,,,
ixl.webcam,available,52,9%,3,Mathematics,,,
eightytwo.webcam,available,52,4%,10,Mathematics,,,
abusive.webcam,available,52,3%,7,"Healthcare,Law",,,
lxxxvi.webcam,available,52,1%,6,Mathematics,,,
lxxi.webcam,available,52,1%,4,Mathematics,,,
lxvi.webcam,available,52,3%,4,Mathematics,,,
xcviii.webcam,available,52,1%,6,Mathematics,,,
abominable.webcam,available,52,2%,10,"Entertainment,Humanities",,,
lxxxv.webcam,available,52,1%,5,Mathematics,,,
lxii.webcam,available,52,1%,4,Mathematics,,,
repugnant.webcam,available,52,1%,9,Humanities,,,
lxxvi.webcam,available,52,1%,5,Mathematics,,,
xciv.webcam,available,52,2%,4,Mathematics,,,
decumbent.webcam,available,52,1%,9,"Healthcare,Medicine,Science",,,
ninetyone.webcam,available,52,5%,10,Mathematics,,,
lxxiv.webcam,available,52,1%,5,Mathematics,,,
uphill.webcam,available,52,7%,6,"Sports,Transportation,Travel",,,
lxxv.webcam,available,52,1%,4,Mathematics,,,
sixtyfive.webcam,available,52,3%,10,Mathematics,,,
xcii.webcam,available,52,2%,4,Mathematics,,,
lxxxi.webcam,available,52,1%,5,Mathematics,,,
lxviii.webcam,available,52,1%,6,Mathematics,,,
abysmal.webcam,available,52,4%,7,"Arts,Entertainment,Media",,,
odious.webcam,available,52,2%,6,"Entertainment,Humanities",,,
lxxvii.webcam,available,52,2%,6,Mathematics,,,
lxiv.webcam,available,52,3%,4,Mathematics,,,
chagrined.webcam,available,52,1%,9,Humanities,,,
eightyone.webcam,available,52,3%,10,Mathematics,,,
ixc.webcam,available,52,5%,3,Mathematics,,,
aboulic.webcam,available,52,1%,7,Medicine,,,
ablated.webcam,available,52,1%,7,Science,,,
xcvii.webcam,available,52,1%,5,Mathematics,,,
sixtysix.webcam,available,52,4%,9,Mathematics,,,
lxv.webcam,available,52,5%,3,Mathematics,,,
adenoidal.webcam,available,52,1%,9,"Health and Fitness,Medicine,Science",,,
sixtyfour.webcam,available,52,3%,10,Mathematics,,,
repulsive.webcam,available,52,1%,9,Humanities,,,
lxxii.webcam,available,52,1%,5,Mathematics,,,
littlejoe.webcam,available,52,2%,10,"Entertainment,Media",,,
lxxxiv.webcam,available,52,1%,6,Mathematics,,,
lxxxvii.webcam,available,52,1%,7,Mathematics,,,
acerose.webcam,available,50,1%,7,Science,,,
aculeated.webcam,available,50,0%,9,"Engineering,Medicine,Science",,,
abdicable.webcam,available,50,0%,9,Law,,,
ogdoad.webcam,available,50,1%,6,Mathematics,,,
adactylous.webcam,available,50,0%,10,Science,,,
adhominem.webcam,available,50,2%,10,"Humanities,Law,Politics",,,
vinegary.webcam,available,50,1%,8,Food and Beverage,,,
scummy.webcam,available,50,1%,6,Humanities,,,
acetous.webcam,available,50,1%,7,Science,,,
needlelike.webcam,available,50,0%,10,"Engineering,Medicine,Science",,,
acquitted.webcam,available,50,1%,9,Law,,,
spinous.webcam,available,50,1%,7,"Agriculture,Science",,,
lxx.webcam,available,50,5%,3,Mathematics,,,
acapnotic.webcam,available,50,0%,9,"Healthcare,Medicine,Science",,,
abactinal.webcam,available,50,0%,9,Science,,,
acerbic.webcam,available,50,2%,7,"Arts,Humanities,Media",,,
acaudal.webcam,available,50,1%,7,"Agriculture,Science",,,
cinque.webcam,available,50,7%,6,Mathematics,,,
trine.webcam,available,50,11%,5,"General,Religion",,,
aborticide.webcam,available,50,0%,10,Medicine,,,
acetose.webcam,available,50,1%,7,Science,,,
quint.webcam,available,50,13%,5,"Arts,Entertainment",,,
acellular.webcam,available,50,1%,9,Science,,,
abducting.webcam,available,50,0%,9,Medicine,,,
broached.webcam,available,50,0%,8,Food and Beverage,,,
abranchial.webcam,available,50,0%,10,Science,,,
abbatial.webcam,available,50,0%,8,Religion,,,
acerb.webcam,available,50,2%,5,Science,,,
abomasal.webcam,available,50,0%,8,Agriculture,,,
gillless.webcam,available,50,0%,9,Science,,,
acapnic.webcam,available,50,0%,7,"Healthcare,Medicine,Science",,,
triplet.webcam,available,50,8%,7,Science,,,
execrable.webcam,available,48,0%,9,"Entertainment,Humanities",,,
lxxxviii.webcam,available,48,1%,8,Mathematics,,,
notguilty.webcam,available,48,5%,10,Law,,,
abstracted.webcam,available,48,5%,10,"Arts,Humanities,Science",,,
abyssal.webcam,available,48,12%,7,"Arts,Entertainment,Media",,,
ilxxx.webcam,available,48,1%,5,Mathematics,,,
ilxx.webcam,available,48,1%,4,Mathematics,,,
apriori.webcam,available,48,13%,8,Mathematics,,,
acetylic.webcam,available,46,1%,8,Science,,,
stripling.webcam,available,46,2%,9,"Education,Entertainment,Healthcare",,,
acicular.webcam,available,46,2%,8,Science,,,
acarpous.webcam,available,46,0%,8,"Agriculture,Science",,,
acephalous.webcam,available,46,1%,10,Science,,,
acarpelous.webcam,available,46,0%,10,"Agriculture,Science",,,
achenial.webcam,available,46,1%,8,Science,,,
acanthoid.webcam,available,46,1%,9,"Agriculture,Science",,,
achromic.webcam,available,46,2%,8,Science,,,
acapnial.webcam,available,46,0%,8,"Healthcare,Medicine,Science",,,
theabsurd.webcam,available,46,1%,10,"Arts,Entertainment,Media",,,
acanthous.webcam,available,46,0%,9,"Agriculture,Science",,,
acetylenic.webcam,available,46,1%,10,Science,,,
cotyloid.webcam,available,46,1%,8,Science,,,
acetonic.webcam,available,46,1%,8,Science,,,
acaudate.webcam,available,46,1%,8,"Agriculture,Science",,,
stemless.webcam,available,46,2%,8,"Agriculture,Science",,,
quaternary.webcam,available,46,3%,10,Mathematics,,,
vinegarish.webcam,available,46,1%,10,Food and Beverage,,,
acheronian.webcam,available,46,1%,10,Humanities,,,
achromous.webcam,available,46,1%,9,Science,,,
acetabular.webcam,available,46,1%,10,Science,,,
acanthotic.webcam,available,46,0%,10,"Agriculture,Science",,,
accusatory.webcam,available,44,1%,10,Law,,,
acherontic.webcam,available,44,1%,10,Humanities,,,
cotyloidal.webcam,available,44,1%,10,Science,,,
abscessed.webcam,available,41,0%,9,Healthcare,,,
phoebe.webcam,available,41,14%,6,Science,,,
accurst.webcam,available,40,1%,7,Religion,,,
scurrilous.webcam,available,40,1%,10,"Entertainment,Media,Politics",,,
accusive.webcam,available,40,1%,8,Law,,,